<?xml version="1.0" encoding="UTF-8"?>
<ksdk:examples xmlns:ksdk="http://nxp.com/ksdk/2.0/ksdk_manifest_v3.0.xsd" xmlns:xsi="http://www.w3.org/2001/XMLSchema-instance" xsi:schemaLocation="http://nxp.com/ksdk/2.0/ksdk_manifest_v3.0.xsd manifest.xsd">
  <externalDefinitions>
    <definition extID="com.nxp.mcuxpresso"/>
    <definition extID="platform.devices.MKL43Z4_CMSIS.MKL43Z4"/>
    <definition extID="platform.devices.MKL43Z4_startup.MKL43Z4"/>
    <definition extID="platform.drivers.clock.MKL43Z4"/>
    <definition extID="platform.drivers.common.MKL43Z4"/>
    <definition extID="platform.drivers.flash.MKL43Z4"/>
    <definition extID="platform.drivers.gpio.MKL43Z4"/>
    <definition extID="platform.drivers.lpuart.MKL43Z4"/>
    <definition extID="platform.drivers.port.MKL43Z4"/>
    <definition extID="platform.drivers.smc.MKL43Z4"/>
    <definition extID="platform.drivers.uart.MKL43Z4"/>
    <definition extID="platform.utilities.assert.MKL43Z4"/>
    <definition extID="platform.utilities.debug_console.MKL43Z4"/>
    <definition extID="iar"/>
    <definition extID="mdk"/>
    <definition extID="atl"/>
    <definition extID="mcuxpresso"/>
    <definition extID="armgcc"/>
  </externalDefinitions>
  <example id="frdmkl43z_gpio_led_output" name="gpio_led_output" category="driver_examples/gpio" dependency="platform.drivers.clock.MKL43Z4 platform.drivers.flash.MKL43Z4 platform.drivers.common.MKL43Z4 platform.devices.MKL43Z4_CMSIS.MKL43Z4 platform.devices.MKL43Z4_startup.MKL43Z4 platform.drivers.uart.MKL43Z4 platform.drivers.lpuart.MKL43Z4 platform.drivers.port.MKL43Z4 platform.drivers.smc.MKL43Z4 platform.utilities.debug_console.MKL43Z4 platform.drivers.gpio.MKL43Z4 platform.utilities.assert.MKL43Z4" toolchain="mdk iar armgcc mcuxpresso">
    <projects>
      <project type="com.crt.advproject.projecttype.exe" nature="org.eclipse.cdt.core.cnature"/>
    </projects>
    <toolchainSettings>
      <toolchainSetting id_refs="com.nxp.mcuxpresso">
        <option id="com.crt.advproject.gas.fpu" type="enum">
          <value>com.crt.advproject.gas.fpu.none</value>
        </option>
        <option id="com.crt.advproject.gcc.fpu" type="enum">
          <value>com.crt.advproject.gcc.fpu.none</value>
        </option>
        <option id="com.crt.advproject.c.misc.dialect" type="enum">
          <value>com.crt.advproject.misc.dialect.gnu99</value>
        </option>
        <option id="com.crt.advproject.gcc.exe.debug.option.debugging.level" type="enum">
          <value>gnu.c.debugging.level.default</value>
        </option>
        <option id="com.crt.advproject.gcc.exe.release.option.debugging.level" type="enum">
          <value>gnu.c.debugging.level.default</value>
        </option>
        <option id="gnu.c.compiler.option.preprocessor.def.symbols" type="stringList">
          <value>CPU_MKL43Z256VLH4</value>
          <value>FRDM_KL43Z</value>
          <value>FREEDOM</value>
        </option>
        <option id="gnu.c.compiler.option.optimization.flags" type="string">
          <value>-fno-common</value>
        </option>
        <option id="gnu.c.compiler.option.misc.other" type="string">
          <value>-c  -ffunction-sections  -fdata-sections  -ffreestanding  -fno-builtin</value>
        </option>
        <option id="com.crt.advproject.link.fpu" type="enum">
          <value>com.crt.advproject.link.fpu.none</value>
        </option>
        <option id="gnu.c.link.option.nostdlibs" type="boolean">
          <value>true</value>
        </option>
      </toolchainSetting>
    </toolchainSettings>
    <source path="boards/frdmkl43z/driver_examples/gpio/led_output" target_path="board/src" type="c_include">
      <files mask="board.h"/>
      <files mask="clock_config.h"/>
    </source>
    <source path="boards/frdmkl43z/driver_examples/gpio/led_output" target_path="board/src" type="src">
      <files mask="board.c"/>
      <files mask="clock_config.c"/>
    </source>
    <source path="boards/frdmkl43z/driver_examples/gpio/led_output" target_path="board" type="c_include">
      <files mask="pin_mux.h"/>
    </source>
    <source path="boards/frdmkl43z/driver_examples/gpio/led_output" target_path="board" type="src">
      <files mask="pin_mux.c"/>
    </source>
    <source path="boards/frdmkl43z/driver_examples/gpio/led_output" target_path="doc" type="doc" toolchain="iar mdk atl mcuxpresso">
      <files mask="readme.txt"/>
    </source>
    <source path="boards/frdmkl43z/driver_examples/gpio/led_output" target_path="source" type="src">
      <files mask="gpio_led_output.c"/>
    </source>
  </example>
</ksdk:examples>
